doctor_id,first_name,last_name,specialty,department_id,nationality,hire_date,license_number,email,phone,years_experience,is_active
1001,Youssef,Mohamed,Internist,8,Egyptian,03/03/2016,DHA-719176,youssef.mohamed@gmail.com,971514668136,9,TRUE
1002,Fadi,Ahmad,Radiologist,7,Jordanian,23/03/2022,DHA-106814,fadi_ahmad@yahoo.com,971543608513,3,TRUE
1003,Walid,Al Hiyari,Gastroenterologist,9,Jordanian,30/01/2012,DHA-377370,walid_alhiyari@icloud.com,971517350753,13,TRUE
1004,Anjali,Iyer,Spine Surgeon,3,Indian,10/02/2018,DHA-910620,anjali.iyer@ymail.com,971532694522,7,TRUE
1005,Fadi,Hassan,Trauma Surgeon,6,Jordanian,25/08/2013,DHA-816751,fadi.hassan@icloud.com,971529961380,12,TRUE
1006,Mahnoor,Butt,Neurosurgeon,2,Pakistani,21/01/2016,DHA-817870,mahnoor.butt@outlook.com,971506292423,9,TRUE
1007,Samir,Ibrahim,Electrophysiologist,1,Egyptian,21/01/2017,DHA-377746,samiribrahim@protonmail.com,971585408072,8,TRUE
1008,Nour,Al Tarawneh,Hematologist,5,Jordanian,16/12/2018,DHA-617488,dr.invalid@,971513564251,7,TRUE
1009,Majid,Al Ali,Hepatologist,9,UAE,18/05/2023,DHA-363626,majid.alali@protonmail.com,971515476583,2,TRUE
1010,Adel,Abdulla,Pediatric Surgeon,4,UAE,02/10/2019,DHA-376183,adelabdulla@icloud.com,971516007072,6,TRUE
1011,Iyad,Khalil,Emergency Physician,6,Jordanian,06/06/2013,DHA-100599,ikhalil@hotmail.com,971502876828,12,TRUE
1012,Mariam,Al Suwaidi,Gynecologist,11,UAE,16/05/2015,DHA-867460,mariam.alsuwaidi@ymail.com,971583109911,10,TRUE
1013,Salma,Youssef,Critical Care,6,Egyptian,14/09/2013,DHA-665492,salmayoussef@protonmail.com,971547693979,12,FALSE
1014,Suresh,Malhotra,Family Physician,8,Indian,10/08/2021,DHA-122056,suresh85@outlook.com,971594694634,4,TRUE
1015,Saeed,Al Suwaidi,Internist,8,UAE,19/02/2015,DHA-639131,salsuwaidi@protonmail.com,971574594297,10,TRUE
1016,Zara,Nair,Hospitalist,8,Indian,04/12/2022,DHA-198907,zara_nair@yahoo.com,971567897151,3,TRUE
1017,Alia,Al Nuaimi,Hospitalist,8,UAE,17/03/2012,DHA-360735,aliaalnuaimi@icloud.com,971573351868,13,TRUE
1018,Nisha,Kumar,Orthopedic Surgeon,3,Indian,10/09/2011,DHA-153045,nisha93@ymail.com,971502564689,14,TRUE
1019,Prakash,Patel,Pulmonologist,10,Indian,12/02/2019,DHA-272634,prakash.patel@hotmail.com,971548633773,6,TRUE
1020,Richard,Martinez,Hospitalist,8,British,19/06/2022,DHA-328275,richard17@protonmail.com,971582022698,3,TRUE
1021,Pooja,Patel,Electrophysiologist,1,Indian,10/09/2020,DHA-632496,poojapatel@gmail.com,971592140194,5,TRUE
1022,Adel,Mohamed,Orthopedic Surgeon,3,Egyptian,11/10/2022,DHA-539589,adel94@icloud.com,971586307805,3,TRUE
1023,Sherif,El Sayed,Spine Surgeon,3,Egyptian,17/01/2017,DHA-431535,sherif.elsayed@hotmail.com,,8,TRUE
1024,Sadia,Siddiqui,Sports Medicine,3,Pakistani,21/12/2012,DHA-398830,sadia_siddiqui@ymail.com,971586075395,13,TRUE
1025,Sara,Farouk,Dermatologist,12,Egyptian,10/06/2022,DHA-221035,sara23@outlook.com,971545727085,3,TRUE
1026,Amit,Singh,Internist,8,Indian,03/12/2015,DHA-765095,asingh@gmail.com,971506596150,10,TRUE
1027,Paul,Thompson,Family Physician,8,American,16/08/2013,DHA-110139,paul.thompson@protonmail.com,971521604451,12,TRUE
1028,Hani,Rashid,Radiologist,7,UAE,22/08/2019,DHA-141832,hanirashid@protonmail.com,971532724590,6,TRUE
1029,Faisal,Raza,Trauma Surgeon,6,Pakistani,20/06/2013,DHA-532322,faisalraza@protonmail.com,971557907400,12,TRUE
1030,Lina,Al Mazrouei,Pulmonologist,10,UAE,26/12/2015,DHA-593554,linaalmazrouei@ymail.com,971576866294,10,TRUE
1031,Saeed,Al Hosani,Gastroenterologist,9,UAE,01/01/2015,DHA-172792,salhosani@protonmail.com,971587705490,11,TRUE
1032,Hessa,Al Maktoum,Sleep Specialist,10,UAE,15/08/2010,DHA-378361,hessa.almaktoum@icloud.com,971566799667,15,TRUE
1033,Latifa,Al Hosani,Neonatologist,4,UAE,21/06/2021,DHA-146542,latifa.alhosani@icloud.com,971584305700,4,TRUE
1034,Linda,Martinez,Electrophysiologist,1,British,28/05/2017,DHA-631756,linda_martinez@yahoo.com,971565960271,8,TRUE
1035,Michelle,White,Stroke Specialist,2,British,03/07/2018,DHA-415568,michelle61@ymail.com,971506098175,7,TRUE
1036,Steven,Miller,Hematologist,5,British,10/08/2023,DHA-636004,stevenmiller@protonmail.com,971515761145,2,TRUE
1037,Shreya,Patel,Interventional Radiologist,7,Other,05/02/2012,DHA-945742,shreyapatel@gmail.com,971505107776,13,FALSE
1038,Muna,Hassan,Radiologist,7,Jordanian,19/03/2020,DHA-830180,muna_hassan@hotmail.com,971533475836,5,TRUE
1039,Huda,El Sayed,Cardiologist,1,Egyptian,15/07/2019,DHA-152657,hudaelsayed@ymail.com,971518658158,6,TRUE
1040,Sandra,Harris,Critical Care,6,British,15/07/2022,DHA-954596,sandra_harris@ymail.com,971588481188,3,TRUE
1041,Hossam,Hussein,Hepatologist,9,Egyptian,04/02/2020,DHA-757193,hhussein@hotmail.com,971515793722,5,TRUE
1042,Jamal,Al Shamsi,Neonatologist,99,UAE,23/10/2011,DHA-840734,jamal.alshamsi@hotmail.com,971566551268,14,TRUE
1043,Rana,Yousef,Medical Oncologist,5,Jordanian,04/06/2019,DHA-902784,rana_yousef@hotmail.com,971506901533,6,TRUE
1044,George,Davis,Radiation Oncologist,5,American,27/01/2022,DHA-611945,gdavis@hotmail.com,971571486955,3,TRUE
1045,Donna,Al Nuaimi,Family Physician,8,Other,14/09/2013,DHA-513160,donna85@protonmail.com,971502408404,12,TRUE
1046,Rashid,Al Muhairi,Neurosurgeon,2,UAE,28/01/2014,DHA-442722,rashid_almuhairi@yahoo.com,971565232413,11,TRUE
1047,Amna,Hassan,Critical Care,6,UAE,05/02/2022,DHA-171951,amna.hassan@ymail.com,971505148725,3,TRUE
1048,Salma,Al Blooshi,Cardiologist,1,UAE,09/05/2015,DHA-587623,salblooshi@ymail.com,971553815034,10,TRUE
1049,Ali,Mirza,Dermatologist,12,Pakistani,03/09/2013,DHA-703766,ali_mirza@hotmail.com,971532275009,12,TRUE
1050,George,Brown,Pulmonologist,10,British,14/04/2012,DHA-934904,george.brown@yahoo.com,971588186990,13,TRUE
1051,Tariq,Al Nuaimi,Electrophysiologist,1,UAE,27/08/2017,DHA-554582,tariq_alnuaimi@protonmail.com,971528306261,8,TRUE
1052,Ashley,Moore,Critical Care,6,British,22/01/2016,DHA-556732,amoore@yahoo.com,971532453962,9,TRUE
1053,James,Martin,Trauma Surgeon,6,British,13/10/2022,DHA-992288,jamesmartin@hotmail.com,971536952975,3,TRUE
1054,Sanjay,Singh,Neonatologist,4,Indian,13/03/2016,DHA-353080,sanjay_singh@icloud.com,971538987516,9,TRUE
1055,Amr,Nassar,Emergency Physician,6,Egyptian,02/02/2012,DHA-796212,anassar@hotmail.com,971589907391,13,TRUE
1056,Christopher,Davis,Cosmetic Dermatologist,12,American,22/11/2017,DHA-226516,cdavis@gmail.com,971584106298,-2,TRUE
1057,Saad,Hussain,Family Physician,8,Pakistani,23/03/2023,DHA-973074,shussain@outlook.com,971554010529,2,TRUE
1058,Abdullah,Khalifa,Internist,8,UAE,26/02/2016,DHA-232413,abdullah_khalifa@gmail.com,971505770422,9,TRUE
1059,Nour,Mohamed,Medical Oncologist,5,Egyptian,25/02/2011,DHA-520172,nour.mohamed@icloud.com,971503545556,14,TRUE
1060,Shahid,Butt,Trauma Surgeon,6,Pakistani,29/11/2011,DHA-913373,shahid_butt@hotmail.com,971575988757,14,TRUE
1061,Michael,Miller,Cosmetic Dermatologist,12,British,03/10/2022,DHA-755900,mmiller@protonmail.com,971513634980,3,TRUE
1062,Fatima,Al Zoubi,Emergency Physician,6,Jordanian,22/01/2010,DHA-134225,falzoubi@protonmail.com,971548617381,15,TRUE
1063,Margaret,Brown,Sports Medicine,3,British,25/03/2023,DHA-671015,margaretbrown@yahoo.com,971522198058,2,TRUE
1064,Zainab,Al Falasi,Hepatologist,9,UAE,07/11/2019,DHA-385470,zainab74@hotmail.com,971572349590,6,TRUE
1065,Thomas,White,Reproductive Endocrinologist,11,British,25/03/2017,DHA-715643,twhite@icloud.com,971503939212,8,TRUE
1066,Kamran,Ali,Family Physician,8,Pakistani,26/01/2014,DHA-592841,kamran_ali@yahoo.com,971552754894,11,TRUE
1067,Ghada,Ahmed,Neonatologist,4,Egyptian,10/02/2021,DHA-576919,gahmed@yahoo.com,971552944841,4,FALSE
1068,Paul,Johnson,Hematologist,5,British,10/01/2010,DHA-296694,pjohnson@icloud.com,971578416216,15,TRUE
1069,Kamran,Hussain,Spine Surgeon,3,Pakistani,09/12/2012,DHA-130271,kamran90@ymail.com,971533657144,13,TRUE
1070,Nour,El Sayed,Interventional Cardiologist,1,Egyptian,03/02/2012,DHA-223172,nourelsayed@hotmail.com,971549537455,13,TRUE
1071,Ali,Youssef,Radiation Oncologist,5,Egyptian,12/05/2017,DHA-728492,aliyoussef@ymail.com,971515634662,5,TRUE
1072,Sherif,Hussein,Sleep Specialist,10,Egyptian,22/05/2021,DHA-255813,sherif67@hotmail.com,971556577416,4,TRUE
1073,Priya,Williams,Trauma Surgeon,6,Other,21/03/2017,DHA-344907,priya.williams@yahoo.com,971577395997,8,TRUE
1074,Rohit,Ahmed,Hospitalist,8,Indian,31/05/2013,DHA-448121,rohit_ahmed@gmail.com,971588665981,12,TRUE
1075,Shaikha,Al Dhaheri,Stroke Specialist,2,UAE,18/06/2013,DHA-753534,shaikha_aldhaheri@protonmail.com,971516512415,12,TRUE
1076,Ashley,Thompson,Sleep Specialist,10,British,07/02/2017,DHA-137642,ashley.thompson@outlook.com,971544816586,8,TRUE
1077,Priya,Patel,Medical Oncologist,5,Indian,03/04/2012,DHA-440131,ppatel@yahoo.com,971558225725,13,TRUE
1078,Bassam,Al Falasi,Critical Care,6,UAE,15/01/2014,DHA-749813,bassamalfalasi@hotmail.com,971593401116,11,TRUE
1079,Sandra,Martinez,Family Physician,8,British,23/09/2015,DHA-810526,sandramartinez@gmail.com,971576797629,10,FALSE
1080,Prakash,Verma,Pediatric Surgeon,4,Indian,11/08/2015,DHA-211834,prakash_verma@icloud.com,971555963914,10,FALSE
1081,Ahmed,Hussein,Spine Surgeon,3,Egyptian,17/11/2018,DHA-973294,ahmedhussein@icloud.com,971554674286,7,TRUE
1082,Shreya,Martinez,Radiologist,7,Other,06/03/2012,DHA-134985,smartinez@protonmail.com,971522512187,13,TRUE
1083,Heba,Farouk,Pediatric Surgeon,4,Egyptian,09/12/2013,DHA-970813,hfarouk@ymail.com,971575951651,12,TRUE
1084,Hamza,Ansari,Pediatrician,4,Pakistani,03/07/2020,DHA-986827,hansari@gmail.com,971561233516,5,TRUE
1085,Nancy,Brown,Neurosurgeon,2,British,18/11/2015,DHA-807617,nancy_brown@gmail.com,971596503032,10,TRUE
1086,Robert,Al Muhairi,Orthopedic Surgeon,3,Other,31/05/2020,DHA-246566,robert.almuhairi@yahoo.com,971572948178,5,TRUE
1087,Nisha,Mehta,Obstetrician,11,Indian,19/09/2018,DHA-715870,nisha_mehta@protonmail.com,971519209880,7,TRUE
1088,Steven,Davis,Gynecologist,11,British,26/09/2010,DHA-997004,steven.davis@protonmail.com,971557017548,15,TRUE
1089,Ibrahim,Al Nahyan,Orthopedic Surgeon,3,UAE,14/03/2020,DHA-122394,ialnahyan@outlook.com,971524442778,5,TRUE
1090,Mona,Ibrahim,Gastroenterologist,9,Egyptian,25/02/2023,DHA-926952,mona.ibrahim@yahoo.com,971523180906,2,TRUE
1091,Rami,Al Zaabi,Gastroenterologist,9,UAE,31/07/2010,DHA-717457,rami.alzaabi@outlook.com,971541879109,15,TRUE
1092,Isha,Ahmed,Medical Oncologist,5,Indian,05/06/2011,DHA-214351,isha67@outlook.com,971591727544,14,TRUE
1093,Fatma,Ahmed,Reproductive Endocrinologist,11,Egyptian,11/09/2021,DHA-602248,fatma_ahmed@protonmail.com,971519225346,4,TRUE
1094,Christopher,Harris,Medical Oncologist,5,British,23/03/2017,DHA-763829,christopher84@protonmail.com,971557390515,8,FALSE
1095,Michael,Thompson,Trauma Surgeon,6,British,04/05/2021,DHA-855855,michael_thompson@hotmail.com,971537942639,4,TRUE
1096,Hossam,Mostafa,Trauma Surgeon,6,Egyptian,18/02/2012,,hossam_mostafa@gmail.com,971512432176,13,TRUE
1097,Prakash,Al Shehhi,Electrophysiologist,1,Other,11/05/2018,DHA-530764,prakash_alshehhi@ymail.com,971505825620,7,TRUE
1098,Rana,Ali,Neonatologist,4,Egyptian,19/05/2021,DHA-467121,rali@gmail.com,971544794319,4,TRUE
1099,Nida,Khan,Pulmonologist,10,Pakistani,29/08/2023,DHA-289179,nkhan@yahoo.com,971551102438,2,TRUE
1100,Fatima,Al Suwaidi,Stroke Specialist,2,UAE,28/12/2018,DHA-882354,fatimaalsuwaidi@hotmail.com,971568610913,7,TRUE
1101,Robert,Johnson,Neonatologist,4,American,11/04/2017,DHA-263137,robert30@gmail.com,971515565128,8,TRUE
1102,Iyad,Al Masri,Hematologist,5,Jordanian,01/12/2019,DHA-461939,iyad.almasri@yahoo.com,971599164342,6,TRUE
1103,Asad,Mirza,Pediatrician,4,Pakistani,12/11/2018,DHA-321494,amirza@yahoo.com,971553013003,7,TRUE
1104,Mariam,Al Tarawneh,Gastroenterologist,9,Jordanian,24/11/2012,DHA-973835,maltarawneh@gmail.com,971561709714,13,TRUE
1105,Kiran,Joshi,Emergency Physician,6,Indian,08/01/2017,DHA-220768,kiran.joshi@yahoo.com,971528719145,8,TRUE
1106,John,Al Dhaheri,Obstetrician,11,Other,18/10/2019,DHA-514991,jaldhaheri@outlook.com,971553820798,6,TRUE
1107,Nour,Al Qudah,Radiologist,7,Jordanian,02/11/2017,DHA-207798,nalqudah@outlook.com,971523564729,8,TRUE
1108,Nikhil,Shah,Internist,8,Indian,30/01/2021,DHA-814220,nikhil82@yahoo.com,971553532644,4,TRUE
1109,Anthony,Jackson,Critical Care,6,American,16/10/2016,DHA-177794,anthony_jackson@hotmail.com,971501954456,9,TRUE
1110,Steven,White,Spine Surgeon,3,British,10/01/2012,DHA-681242,steven_white@ymail.com,971594158134,13,TRUE
1111,Aisha,Singh,Emergency Physician,6,Indian,22/05/2011,DHA-629057,aishasingh@gmail.com,971538344365,14,FALSE
1112,Salma,Al Sharif,Critical Care,6,Jordanian,24/07/2013,DHA-912085,salma53@gmail.com,971552105817,12,TRUE
1113,Shereen,Ibrahim,Trauma Surgeon,6,Egyptian,16/05/2016,DHA-449555,shereen20@protonmail.com,971526869018,9,TRUE
1114,Mariam,Al Marri,Hospitalist,8,UAE,16/10/2018,DHA-686072,malmarri@ymail.com,971529831414,7,TRUE
1115,Rashid,Al Dhaheri,Hospitalist,8,UAE,12/02/2018,DHA-903373,rashidaldhaheri@outlook.com,971523599548,7,TRUE
1116,Kimberly,Johnson,Pulmonologist,10,American,21/05/2021,DHA-794083,kimberly53@outlook.com,971597320310,4,TRUE
1117,Anthony,Davis,Stroke Specialist,2,American,18/09/2013,DHA-565776,adavis@ymail.com,971574925917,12,TRUE
1118,Aisha,Al Majali,Pediatric Surgeon,4,Jordanian,09/05/2014,DHA-906814,aisha_almajali@icloud.com,971588023963,11,FALSE
1119,Hamad,Al Hashimi,Pulmonologist,10,UAE,11/08/2015,DHA-207573,hamad.alhashimi@yahoo.com,971513689594,10,TRUE
1120,Hind,Al Muhairi,Obstetrician,11,UAE,24/10/2019,DHA-466566,hind_almuhairi@gmail.com,971569422281,6,TRUE
1121,Youssef,Saleh,Medical Oncologist,5,Egyptian,30/05/2018,DHA-929822,youssefsaleh@gmail.com,971548926478,7,TRUE
1122,Suresh,Sharma,Stroke Specialist,2,Indian,09/07/2020,DHA-368355,sureshsharma@icloud.com,971599854536,5,TRUE
1123,Ibrahim,Rashid,Gastroenterologist,9,UAE,03/10/2016,DHA-753064,ibrahim.rashid@gmail.com,971579993490,9,TRUE
1124,Hassan,Kamal,Emergency Physician,6,Egyptian,22/03/2013,DHA-698384,hassankamal@protonmail.com,971519782613,12,FALSE
1125,Nisha,Sharma,Electrophysiologist,1,Indian,16/03/2022,DHA-509420,nisha.sharma@protonmail.com,971567262974,3,TRUE
1126,Nour,Saleh,Cardiologist,1,Egyptian,25/09/2017,DHA-239890,nsaleh@icloud.com,971553937508,8,TRUE
1127,Jennifer,Moore,Hospitalist,8,British,25/09/2020,DHA-138780,jennifermoore@gmail.com,971531703065,5,TRUE
1128,Sanjay,Joshi,Pediatric Surgeon,4,Indian,07/03/2022,DHA-474314,sjoshi@yahoo.com,971517174337,3,TRUE
1129,Samer,Al Khatib,Radiation Oncologist,5,Jordanian,03/09/2018,DHA-936020,salkhatib@ymail.com,971518121922,7,TRUE
1130,Mostafa,Nassar,Radiologist,7,Egyptian,27/03/2022,DHA-421384,mostafa67@protonmail.com,971563795835,3,TRUE
1131,John,Williams,Pediatrician,4,British,28/11/2017,DHA-803787,john_williams@yahoo.com,971583684131,8,FALSE
1132,Walid,Hassan,Stroke Specialist,2,UAE,30/10/2019,DHA-484123,walid_hassan@icloud.com,971503574265,6,TRUE
1133,Joshua,Taylor,Gynecologist,11,American,16/12/2019,DHA-517368,jtaylor@outlook.com,971511434753,6,TRUE
1134,Zainab,Al Muhairi,Trauma Surgeon,6,UAE,07/08/2022,DHA-324993,zalmuhairi@protonmail.com,971574358435,3,TRUE
1135,Hamad,Mehta,Sleep Specialist,10,Other,15/11/2013,DHA-800280,hamad.mehta@icloud.com,971585871470,12,TRUE
1136,Sanjay,Gupta,Pulmonologist,10,Indian,09/02/2018,DHA-348235,sanjay.gupta@yahoo.com,971587189302,7,TRUE
1137,Jamal,Abdulla,Dermatologist,12,UAE,08/12/2011,DHA-601916,jamal_abdulla@ymail.com,971562237331,14,TRUE
1138,Rahul,Ali,Pediatrician,4,Indian,04/02/2020,DHA-770872,rahulali@ymail.com,971528258130,5,TRUE
1139,Saeed,Khalifa,Pulmonologist,10,UAE,15/08/2021,DHA-336422,saeed54@yahoo.com,971515204459,4,TRUE
1140,Robert,Jackson,Cosmetic Dermatologist,12,British,22/10/2012,DHA-772124,robert31@icloud.com,971523872269,13,TRUE
1141,Omar,Al Dhaheri,Hospitalist,8,Other,28/07/2017,DHA-147670,omar92@yahoo.com,971537989166,8,TRUE
1142,Rania,Kamal,Electrophysiologist,1,Egyptian,28/03/2022,DHA-943776,rania_kamal@yahoo.com,971572224284,3,TRUE
1143,Rahul,Malhotra,Neurosurgeon,2,Indian,10/11/2020,DHA-853258,rmalhotra@hotmail.com,971527216632,5,TRUE
1144,Khalid,Al Nuaimi,Cardiologist,1,UAE,18/06/2020,DHA-153063,khalid_alnuaimi@ymail.com,971598015136,5,TRUE
1145,Amina,Raza,Pulmonologist,10,Pakistani,06/05/2017,DHA-622469,amina_raza@hotmail.com,971549344488,8,TRUE
1146,Yasir,Ahmed,Reproductive Endocrinologist,11,Pakistani,03/04/2020,DHA-152995,yasir_ahmed@icloud.com,971575794062,5,TRUE
1147,Patricia,Hussain,Sleep Specialist,10,Other,02/01/2013,DHA-147440,patricia.hussain@icloud.com,971584265774,13,TRUE
1148,Gaurav,Hussain,Sports Medicine,3,Indian,23/04/2021,DHA-224582,gaurav.hussain@hotmail.com,971556688907,4,TRUE
1149,John,Johnson,Pediatrician,4,British,19/06/2014,DHA-140804,jjohnson@ymail.com,971579712957,11,TRUE
1150,Tariq,Mirza,Radiologist,7,Pakistani,10/05/2017,DHA-722565,tariq53@ymail.com,971589931180,8,TRUE
1151,Huda,Al Hiyari,Trauma Surgeon,6,Jordanian,17/05/2010,DHA-422623,huda.alhiyari@icloud.com,971575454861,15,FALSE
1152,George,Thomas,Gastroenterologist,9,British,25/02/2011,DHA-254954,georgethomas@gmail.com,971592843740,14,TRUE
1153,Iyad,Ahmad,Radiation Oncologist,5,Jordanian,25/05/2013,DHA-741181,iyad.ahmad@protonmail.com,971529702060,12,TRUE
1154,Anil,Shah,Neonatologist,4,Indian,23/09/2020,DHA-659024,anil53@yahoo.com,971549123194,5,TRUE
1155,Laila,Nassar,Spine Surgeon,3,Egyptian,11/09/2016,DHA-839142,laila_nassar@yahoo.com,971576851946,9,TRUE
1156,Ramy,Said,Reproductive Endocrinologist,11,Egyptian,19/02/2016,DHA-513697,ramysaid@yahoo.com,971505825636,9,FALSE
1157,Kevin,Rodriguez,Interventional Cardiologist,1,American,02/10/2015,DHA-689318,krodriguez@outlook.com,971515014486,10,TRUE
1158,Paul,Anderson,Hospitalist,8,British,23/01/2015,DHA-852204,paul.anderson@protonmail.com,971521086930,10,FALSE
1159,Ashley,Martin,Dermatologist,12,British,16/02/2019,DHA-782139,amartin@yahoo.com,971541992583,6,TRUE
1160,Anjali,Reddy,Electrophysiologist,1,Indian,18/03/2015,DHA-538184,anjali.reddy@ymail.com,971569311162,10,TRUE
1161,Omar,Al Dhaheri,Hepatologist,9,UAE,03/11/2010,DHA-398384,omar68@icloud.com,971573251501,15,TRUE
1162,Reem,Hassan,Emergency Physician,6,Jordanian,11/07/2012,DHA-295243,rhassan@ymail.com,971544240708,13,TRUE
1163,Vikram,Reddy,Sleep Specialist,10,Indian,05/08/2019,DHA-247442,vreddy@outlook.com,971505375250,6,TRUE
1164,Fatma,Farouk,Trauma Surgeon,6,Egyptian,24/05/2017,DHA-785436,fatmafarouk@gmail.com,971518808032,8,TRUE
1165,Karen,Taylor,Hematologist,5,British,22/12/2016,DHA-744481,karentaylor@outlook.com,971573570027,9,TRUE
1166,Emily,Miller,Cosmetic Dermatologist,12,American,30/04/2019,DHA-898867,emily41@ymail.com,971519816538,6,TRUE
1167,Muna,Al Ali,Internist,8,UAE,27/08/2022,DHA-311976,muna83@outlook.com,971526504900,3,TRUE
1168,Joshua,Moore,Hematologist,5,American,10/08/2014,DHA-947975,joshua_moore@outlook.com,971587969667,11,TRUE
1169,James,Miller,Interventional Cardiologist,1,American,29/11/2016,DHA-706403,james.miller@hotmail.com,971552069713,9,TRUE
1170,Walid,Al Shamsi,Cardiologist,1,UAE,03/08/2020,DHA-903028,walid_alshamsi@yahoo.com,971568525204,5,TRUE
1171,Emily,Jones,Gynecologist,11,British,20/10/2011,DHA-785280,emily.jones@outlook.com,971587594429,14,TRUE
1172,Sandra,Thompson,Internist,8,American,29/01/2010,DHA-544730,sandra_thompson@ymail.com,971535152562,15,TRUE
1173,Huda,Saeed,Neurologist,2,UAE,13/07/2012,DHA-116405,hudasaeed@gmail.com,971511563316,13,TRUE
1174,Thomas,Thompson,Internist,8,American,28/06/2015,DHA-327823,thomasthompson@icloud.com,971544928578,10,TRUE
1175,Lisa,Davis,Family Physician,8,British,14/12/2022,DHA-416422,lisa28@outlook.com,971566041569,3,TRUE
1176,Andrew,Johnson,Critical Care,6,British,05/12/2013,DHA-461145,andrew_johnson@ymail.com,971586347476,12,TRUE
1177,Amr,Kamal,Radiation Oncologist,5,Egyptian,11/06/2018,DHA-415344,amr_kamal@gmail.com,971587923579,7,FALSE
1178,Mahmoud,El Sayed,Emergency Physician,6,Egyptian,17/09/2018,DHA-988283,mahmoud.elsayed@icloud.com,971531864641,7,TRUE
1179,Bassam,Moore,Hospitalist,8,Other,20/11/2010,DHA-319036,bmoore@gmail.com,971534188068,15,FALSE
1180,Betty,Davis,Neurosurgeon,2,British,11/06/2015,DHA-678897,bdavis@hotmail.com,971579953163,10,TRUE
